<?xml version="1.0" encoding="UTF-8"?>
<configuration>

	<!-- 文件输出格式 -->
	<property name="PATTERN" value="%-12(%d{yyyy-MM-dd HH:mm:ss.SSS}) |-%-5level [%thread] %c [%L] -| %msg%n" />
	<!-- staging文件路径, 要提前在用户目录下创建好文件夹/logs/staging，username是用户名 -->
	<property name="TEST_FILE_PATH" value="/Users/mac/logs/test" />
	<!-- prod文件路径, 要提前在用户目录下创建好文件夹/logs/prod，username是用户名 -->
	<property name="PROD_FILE_PATH" value="/Users/mac/logs/prod" />

	<!-- 开发环境 -->
	<springProfile name="dev">
		<appender name="CONSOLE" class="ch.qos.logback.core.ConsoleAppender">
			<encoder>
				<pattern>${PATTERN}</pattern>
			</encoder>
		</appender>

		<logger name="com.damo.bootmall" level="debug"/>

		<root level="info">
			<appender-ref ref="CONSOLE" />
		</root>
	</springProfile>

	<!-- 测试环境 -->
	<springProfile name="test">
		<!-- 每天产生一个文件 -->
		<appender name="TEST-FILE" class="ch.qos.logback.core.rolling.RollingFileAppender">
			<rollingPolicy class="ch.qos.logback.core.rolling.TimeBasedRollingPolicy">
				<!-- 文件名称 -->
				<fileNamePattern>${TEST_FILE_PATH}/info.%d{yyyy-MM-dd}.log</fileNamePattern>
				<!-- 文件最大保存历史数量 -->
				<MaxHistory>100</MaxHistory>
			</rollingPolicy>

			<layout class="ch.qos.logback.classic.PatternLayout">
				<pattern>${PATTERN}</pattern>
			</layout>
		</appender>

		<root level="info">
			<appender-ref ref="TEST-FILE" />
		</root>
	</springProfile>

	<!-- 生产环境 -->
	<springProfile name="prod">
		<appender name="PROD_FILE" class="ch.qos.logback.core.rolling.RollingFileAppender">
			<rollingPolicy class="ch.qos.logback.core.rolling.TimeBasedRollingPolicy">
				<fileNamePattern>${PROD_FILE_PATH}/warn.%d{yyyy-MM-dd}.log</fileNamePattern>
				<MaxHistory>100</MaxHistory>
			</rollingPolicy>
			<layout class="ch.qos.logback.classic.PatternLayout">
				<pattern>${PATTERN}</pattern>
			</layout>
		</appender>

		<root level="warn">
			<appender-ref ref="PROD_FILE" />
		</root>
	</springProfile>
</configuration>
